{
	"easycom": {
		"^u-(.*)": "@/uview-ui/components/u-$1/u-$1.vue"
	},
	"pages": [ //pages数组中第一项表示应用启动页，参考：https://uniapp.dcloud.io/collocation/pages
		{
			"path": "pages/index/index",
			"style": {
				"navigationStyle": "custom",
				"navigationBarTitleText": ""
			}
		},
		{
			"path": "pages/center/index",
			"style": {
				"navigationStyle": "custom",
				"navigationBarTitleText": ""
			}
		}, {
			"path": "components/ylh-tabbar/ylh-tabbar",
			"style": {
				"navigationBarTitleText": "",
				"enablePullDownRefresh": false
			}
		}, {
			"path": "pages/login/index",
			"style": {
				"navigationStyle": "custom",
				"navigationBarTitleText": "",
				"enablePullDownRefresh": false
			}
		},
		{
			"path": "pages/login/reg",
			"style": {
				"navigationStyle": "custom",
				"navigationBarTitleText": "",
				"enablePullDownRefresh": false
			}
		},
		{
			"path": "pages/test/index",
			"style": {
				"navigationStyle": "custom",
				"navigationBarTitleText": "",
				"enablePullDownRefresh": false
			}
		},
		{
			"path": "pages/test/index1",
			"style": {
				"navigationStyle": "custom",
				"navigationBarTitleText": "",
				"enablePullDownRefresh": false
			}
		},
		{
			"path": "pages/test/index2",
			"style": {
				"navigationStyle": "custom",
				"navigationBarTitleText": "",
				"enablePullDownRefresh": false
			}
		},
		{
			"path": "pages/test/index3",
			"style": {
				"navigationStyle": "custom",
				"navigationBarTitleText": "",
				"enablePullDownRefresh": false
			}
		},
		{
			"path": "pages/test/show",
			"style": {
				"navigationStyle": "custom",
				"navigationBarTitleText": "",
				"enablePullDownRefresh": false
			}
		}, {
			"path": "pages/test/add",
			"style": {
				"navigationStyle": "custom",
				"navigationBarTitleText": "",
				"enablePullDownRefresh": false
			}
		}, {
			"path": "pages/test/manage",
			"style": {
				"navigationStyle": "custom",
				"navigationBarTitleText": "",
				"enablePullDownRefresh": false
			}
		},
		{
			"path": "pages/test/edit",
			"style": {
				"navigationStyle": "custom",
				"navigationBarTitleText": "",
				"enablePullDownRefresh": false
			}
		},
		{
			"path": "pages/test/stat", 
			"style": {
				"navigationStyle": "custom",
				"navigationBarTitleText": "",
				"enablePullDownRefresh": false
			}
		},
		{
			"path": "pages/item/chart",
			"style": {
				"navigationStyle": "custom",
				"navigationBarTitleText": "",
				"enablePullDownRefresh": false
			}
		},
		{
			"path": "pages/category/manage",
			"style": {
				"navigationStyle": "custom",
				"navigationBarTitleText": "",
				"enablePullDownRefresh": false
			}			
		},
		{
			"path": "pages/category/edit",
			"style": {
				"navigationStyle": "custom",
				"navigationBarTitleText": "",
				"enablePullDownRefresh": false
			}
		},
		{
			"path": "pages/rank/manage",
			"style": {
				"navigationStyle": "custom",
				"navigationBarTitleText": "",
				"enablePullDownRefresh": false
			}			
		},
		{
			"path": "pages/rank/edit",
			"style": {
				"navigationStyle": "custom",
				"navigationBarTitleText": "",
				"enablePullDownRefresh": false
			}
		},		
		
		{
			"path": "pages/item/manage",
			"style": {
				"navigationStyle": "custom",
				"navigationBarTitleText": "",
				"enablePullDownRefresh": false
			}
		},	
		{
			"path": "pages/item/add",
			"style": {
				"navigationStyle": "custom",
				"navigationBarTitleText": "",
				"enablePullDownRefresh": false
			}
		},	
		{
			"path": "pages/item/edit",
			"style": {
				"navigationStyle": "custom",
				"navigationBarTitleText": "",
				"enablePullDownRefresh": false
			}
		},	
												
		{
			"path": "pages/user/manage",
			"style": {
				"navigationStyle": "custom",
				"navigationBarTitleText": "",
				"enablePullDownRefresh": false
			}
		},
		{
			"path": "pages/user/edit",
			"style": {
				"navigationStyle": "custom",
				"navigationBarTitleText": "",
				"enablePullDownRefresh": false
			}
		},
		{
			"path": "pages/center/config",
			"style": {
				"navigationStyle": "custom",
				"navigationBarTitleText": "",
				"enablePullDownRefresh": false
			}
		}
    ],
	"globalStyle": {
		"navigationStyle": "custom",
		"navigationBarTextStyle": "black",
		"navigationBarTitleText": "uView",
		"navigationBarBackgroundColor": "#F8F8F8",
		"backgroundColor": "#F8F8F8"
	},
	"tabBar": {
		"color": "#909399",
		"selectedColor": "#303133",
		"backgroundColor": "#FFFFFF",
		"borderStyle": "black",
		"list": [{
				"pagePath": "pages/index/index"
			},
			{
				"pagePath": "pages/test/index1"
			},
			{
				"pagePath": "pages/test/index2"
			},
			{
				"pagePath": "pages/test/index3"
			},
			{
				"pagePath": "pages/center/index"
			}
		]
	}

}
